{
  "ratio": [
    0.1,
    0.3,
    0.5,
    0.7,
    0.9
  ],
  "top1": [
    0.5163,
    0.4983,
    0.4664,
    0.3941,
    0.1256
  ],
  "top5": [
    0.7732,
    0.7551,
    0.7284,
    0.6545,
    0.3145
  ],
  "train_losses": [
    [
      2.802675096988678,
      2.277605532693863,
      2.0120918874263762,
      1.846934653902054,
      1.7164795614004136,
      1.5994664790153503,
      1.5111247760295867,
      1.41971785800457,
      1.3401526530981065,
      1.2747844064950944,
      1.2122744745016099,
      1.1506484194278717,
      1.1018171426057815,
      1.0525312776446343,
      1.010591397535801,
      0.9699041816711426,
      0.9293894225597381,
      0.8873608070254326,
      0.8549294766426087,
      0.8208261849880218
    ],
    [
      3.1279543541908263,
      2.512225957584381,
      2.2389311668395995,
      2.048806125640869,
      1.909261879825592,
      1.8010746064186096,
      1.697138241147995,
      1.6019835438966752,
      1.5126656595468522,
      1.4485495186686517,
      1.392286571097374,
      1.3335204328536987,
      1.273818751692772,
      1.2316857576727867,
      1.180664921593666,
      1.1385923017263413,
      1.0936739461660385,
      1.0591940525889396,
      1.0248829228758811,
      0.9789576890707016
    ],
    [
      3.5056779348373412,
      2.800142108106613,
      2.531106970310211,
      2.3490921226501467,
      2.2057148674964906,
      2.0909582577228547,
      1.9951164707183837,
      1.8968390119552612,
      1.813305774307251,
      1.747421168255806,
      1.6782283723831177,
      1.6131310186624528,
      1.5624278189659118,
      1.5111111075878143,
      1.4575530425310135,
      1.4155763983011245,
      1.3632245429754257,
      1.3186882292032243,
      1.283964733326435,
      1.2389178059816361
    ],
    [
      4.568947089290619,
      3.7433583387374876,
      3.3832993869781496,
      3.155149307346344,
      2.9519616672515867,
      2.80823965511322,
      2.6785627465724944,
      2.5884531463146208,
      2.4864550562381744,
      2.40950925450325,
      2.3349920898914336,
      2.2655104129314423,
      2.204783078289032,
      2.161325325536728,
      2.1578261101722718,
      2.0814487823009493,
      2.0263659343004226,
      1.9658457916259766,
      1.9291139122486114,
      1.8723847065925598
    ],
    [
      5.2475943746566776,
      4.836612860488891,
      4.6688267621994015,
      4.527835238838196,
      4.42954066066742,
      4.347334960842133,
      4.275363305854797,
      4.21213077840805,
      4.156685335063934,
      4.113955278491974,
      4.0657267998695374,
      4.027559400653839,
      3.9906086483955385,
      3.9540288509368895,
      3.9153879262924196,
      3.880427843284607,
      3.845469672584534,
      3.8185103202819826,
      3.7805602170944215,
      3.7669113825798033
    ]
  ],
  "train_accuracies": [
    [
      29.807499999999997,
      40.325,
      46.5925,
      50.68,
      53.98,
      56.86750000000001,
      59.1075,
      61.822500000000005,
      64.30749999999999,
      65.7325,
      67.635,
      69.7225,
      71.2,
      72.65,
      74.005,
      75.22,
      76.595,
      78.05,
      79.365,
      80.43249999999999
    ],
    [
      24.39,
      35.9475,
      41.6325,
      46.2575,
      49.43,
      51.81249999999999,
      54.5775,
      57.184999999999995,
      59.5425,
      61.432500000000005,
      62.975,
      64.455,
      66.43,
      67.64250000000001,
      68.96,
      70.2025,
      71.74000000000001,
      72.7925,
      74.115,
      75.8625
    ],
    [
      17.51,
      29.452499999999997,
      35.1875,
      38.95,
      42.7925,
      45.105000000000004,
      47.545,
      50.0125,
      52.0875,
      53.81,
      55.74,
      57.42,
      58.7425,
      59.95,
      61.50750000000001,
      62.5975,
      64.05999999999999,
      65.4775,
      66.0775,
      67.925
    ],
    [
      3.8225000000000002,
      11.9325,
      17.925,
      22.1525,
      26.235000000000003,
      29.275000000000002,
      31.72,
      33.7675,
      35.905,
      37.957499999999996,
      39.735,
      41.254999999999995,
      42.6325,
      44.067499999999995,
      44.0625,
      45.7425,
      46.815,
      48.535000000000004,
      49.6925,
      51.05
    ],
    [
      0.5675,
      1.4525,
      2.1675,
      2.8925,
      3.5775,
      4.3475,
      5.225,
      5.609999999999999,
      6.4125000000000005,
      6.7250000000000005,
      7.42,
      7.664999999999999,
      8.0725,
      8.84,
      9.2375,
      9.672500000000001,
      10.1825,
      10.85,
      11.31,
      11.6925
    ]
  ]
}