{
  "ratio": [
    0.1,
    0.3,
    0.5,
    0.7,
    0.9
  ],
  "top1": [
    0.5563,
    0.5317,
    0.493,
    0.4001,
    0.1491
  ],
  "top5": [
    0.8007,
    0.7868,
    0.7487,
    0.6771,
    0.3553
  ],
  "train_losses": [
    [
      4.42296827378273,
      3.4213168278217316,
      2.9855593470573427,
      2.6968753244400023,
      2.4934277807235716,
      2.2962472989559175,
      2.160548289656639,
      2.025036904549599,
      1.9092912157297135,
      1.8012560912132263,
      1.7166748288869857,
      1.6361847720384597,
      1.5627705911874772,
      1.5028127947568894,
      1.4323964812278747,
      1.3742831396102906,
      1.3265270413398742,
      1.2835693791866303,
      1.2342234096765519,
      1.1841459040164948
    ],
    [
      4.932496270179748,
      3.7939616513252257,
      3.306369258403778,
      3.0053421305656434,
      2.7724818494319914,
      2.5726544577121735,
      2.4291595487117768,
      2.2815538790225984,
      2.148181727385521,
      2.0460292630672456,
      1.9552646887779235,
      1.8593936612844466,
      1.7970516848564149,
      1.7235912541389464,
      1.6456074984550475,
      1.5926026774168014,
      1.5373084551811218,
      1.4907100908279418,
      1.4449042582988738,
      1.3842522675275803
    ],
    [
      5.739160252285004,
      4.470088592433929,
      3.911733315086365,
      3.548428543424606,
      3.2783182612895967,
      3.0683749506950377,
      2.895735493469238,
      2.7401043101787566,
      2.5956648060321807,
      2.477111543750763,
      2.3802303723335267,
      2.280504585313797,
      2.20759416308403,
      2.1243211020708084,
      2.0474001661777494,
      1.9836982829093932,
      1.9188506760597228,
      1.870121318101883,
      1.8186704457521439,
      1.739391042470932
    ],
    [
      7.0247994806289675,
      5.7750340255737305,
      5.180624589157104,
      4.795090133094788,
      4.475024175071717,
      4.220150500583649,
      4.000875231742859,
      3.8489221345901488,
      3.6596772537231446,
      3.510884498167038,
      3.3854531328201296,
      3.2692544396400454,
      3.1681649520397186,
      3.078760926103592,
      2.983570028877258,
      2.912007860279083,
      2.8379385068416596,
      2.7627920278072358,
      2.6979524460792543,
      2.6266371502876282
    ],
    [
      8.676987450408935,
      7.993686046981812,
      7.565353640174866,
      7.230089197349549,
      6.978249081611633,
      6.780611035346985,
      6.617879262733459,
      6.495963311386109,
      6.378840930557251,
      6.272852552604675,
      6.169248665428162,
      6.077916722488403,
      5.996736853408813,
      5.9032470306396485,
      5.815817132949829,
      5.746656454277039,
      5.665330499362946,
      5.594959159469605,
      5.531245279502869,
      5.473764169883728
    ]
  ],
  "train_accuracies": [
    [
      24.712500000000002,
      36.065000000000005,
      42.36,
      46.8925,
      50.4,
      53.82,
      56.377500000000005,
      58.585,
      61.287499999999994,
      63.495000000000005,
      65.445,
      67.2775,
      68.895,
      70.2525,
      71.935,
      73.6525,
      74.9325,
      76.13499999999999,
      77.7625,
      79.14
    ],
    [
      19.54,
      31.777499999999996,
      38.25,
      42.79,
      46.115,
      49.475,
      51.947500000000005,
      54.49,
      56.9125,
      59.089999999999996,
      60.91,
      62.93,
      64.31,
      66.005,
      67.8625,
      69.2475,
      70.2975,
      71.6025,
      72.7625,
      74.6475
    ],
    [
      12.562499999999998,
      24.08,
      30.7575,
      35.5175,
      39.5125,
      42.445,
      45.1175,
      47.4925,
      49.84,
      52.05499999999999,
      53.947500000000005,
      55.832499999999996,
      56.95,
      58.79,
      60.097500000000004,
      61.8125,
      62.887499999999996,
      64.125,
      65.12,
      66.83
    ],
    [
      3.6700000000000004,
      10.6025,
      16.3075,
      20.57,
      24.2925,
      27.3175,
      30.4075,
      32.6,
      35.04,
      37.085,
      38.6075,
      41.005,
      42.6225,
      43.49,
      45.6575,
      46.394999999999996,
      47.52,
      48.870000000000005,
      50.1,
      51.54
    ],
    [
      0.26,
      0.73,
      1.4449999999999998,
      2.4699999999999998,
      3.2800000000000002,
      4.285,
      5.4125,
      6.0175,
      6.8675,
      7.430000000000001,
      8.275,
      9.01,
      9.567499999999999,
      10.2225,
      11.21,
      11.8875,
      12.5475,
      13.157499999999999,
      13.875000000000002,
      14.372499999999999
    ]
  ]
}