{
  "ratio": [
    0.1,
    0.3,
    0.5,
    0.7,
    0.9
  ],
  "top1": [
    0.188,
    0.1834,
    0.1659,
    0.1266,
    0.001
  ],
  "top5": [
    0.385,
    0.3859,
    0.366,
    0.2931,
    0.005
  ],
  "train_losses": [
    [
      6.824308839035035,
      6.510385167121887,
      6.206775314903259,
      5.864165155410767,
      5.579733925819397,
      5.366884182929993,
      5.187870694065094,
      5.034922901630401,
      4.899430159950256,
      4.760281469154358,
      4.631523289299011,
      4.515126993846893,
      4.4038720484733584,
      4.307175161552429,
      4.201600113582611,
      4.110704951190948,
      4.01920235786438,
      3.9267734654426576,
      3.8483886353492736,
      3.762954566717148
    ],
    [
      6.794541171455383,
      6.345830731010437,
      5.94651792678833,
      5.662540497207641,
      5.443811753082276,
      5.306006159210205,
      5.084751349639893,
      4.914512125873566,
      4.780174367141724,
      4.651668764781952,
      4.537070550251007,
      4.420871922111512,
      4.32110041437149,
      4.228987944030762,
      4.137499062538147,
      4.040235664176941,
      3.965426323890686,
      3.8771611614227295,
      3.8089918296813963,
      3.7245818653583527
    ],
    [
      6.833428860855102,
      6.565495456886292,
      6.323134651565551,
      6.025366514205933,
      5.729929658508301,
      5.505160524559021,
      5.316597329139709,
      5.1490142910957335,
      5.011805049037934,
      4.876150343608856,
      4.754714174461364,
      4.630447116470337,
      4.525494362449646,
      4.4329917840003965,
      4.335364020633698,
      4.246053426647186,
      4.1564959085464475,
      4.072634620857238,
      3.992705852222443,
      3.9063262413978577
    ],
    [
      6.860005894851684,
      6.670998254585266,
      6.521127563285828,
      6.356066191482544,
      6.196610806274414,
      5.998491430091858,
      5.788617023658753,
      5.61037418346405,
      5.454014134597778,
      5.307724662971497,
      5.188257560539245,
      5.06833444223404,
      4.97262224407196,
      4.878774338722229,
      4.780375104045868,
      4.696030727291107,
      4.6174457903862,
      4.535845330047607,
      4.466868111515045,
      4.384879924678803
    ],
    [
      6.932565223121643,
      6.920695849418641,
      6.920678836059571,
      6.920749456214905,
      6.920818832206726,
      6.920813655853271,
      6.920737746620178,
      6.92061644153595,
      6.920761507415771,
      6.920863457107544,
      6.920620670700073,
      6.920765894699096,
      6.9207587223052975,
      6.920762272071839,
      6.920760061264038,
      6.920643675804138,
      6.920598741722107,
      6.920703137016297,
      6.920681825828552,
      6.9207340543746945
    ]
  ],
  "train_accuracies": [
    [
      0.29750000000000004,
      0.7525,
      1.4975,
      2.565,
      4.185,
      5.4625,
      6.7675,
      8.1825,
      9.43,
      10.6675,
      12.0975,
      13.089999999999998,
      14.44,
      15.534999999999998,
      16.897499999999997,
      18.0525,
      19.025,
      20.627499999999998,
      21.34,
      22.470000000000002
    ],
    [
      0.305,
      0.9299999999999999,
      2.075,
      3.3024999999999998,
      4.58,
      5.6274999999999995,
      7.3950000000000005,
      8.76,
      10.4425,
      11.52,
      12.97,
      14.1625,
      15.2425,
      16.3675,
      17.6225,
      18.8825,
      19.715,
      20.9725,
      21.685,
      22.85
    ],
    [
      0.215,
      0.5625,
      1.065,
      1.92,
      3.1325,
      4.3999999999999995,
      5.7275,
      6.7775,
      8.1225,
      9.379999999999999,
      10.4725,
      11.737499999999999,
      13.07,
      14.14,
      15.1175,
      16.34,
      17.2125,
      18.6475,
      19.3525,
      20.6775
    ],
    [
      0.21,
      0.52,
      0.7799999999999999,
      1.1925,
      1.6049999999999998,
      2.265,
      3.1975000000000002,
      4.2250000000000005,
      5.1175,
      6.02,
      6.984999999999999,
      7.99,
      9.01,
      9.852500000000001,
      10.895000000000001,
      11.6525,
      12.4375,
      13.5375,
      13.955,
      15.007499999999999
    ],
    [
      0.06,
      0.0475,
      0.055,
      0.06,
      0.06,
      0.0625,
      0.0525,
      0.05,
      0.042499999999999996,
      0.042499999999999996,
      0.0825,
      0.0525,
      0.034999999999999996,
      0.0625,
      0.0525,
      0.055,
      0.0475,
      0.065,
      0.034999999999999996,
      0.057499999999999996
    ]
  ]
}