{
  "ratio": [
    0.1,
    0.3,
    0.5,
    0.7,
    0.9
  ],
  "top1": [
    0.001,
    0.001,
    0.001,
    0.001,
    0.001
  ],
  "top5": [
    0.0048,
    0.005,
    0.005,
    0.005,
    0.005
  ],
  "loss": [
    34.95826203376055,
    32.164785638451576,
    29.65375381708145,
    46.064278557896614,
    83.49177128076553
  ]
}