{
  "ratio": [
    0.1,
    0.3,
    0.5,
    0.7,
    0.9
  ],
  "top1": [
    0.0008,
    0.001,
    0.001,
    0.001,
    0.001
  ],
  "top5": [
    0.0068,
    0.0049,
    0.005,
    0.005,
    0.005
  ],
  "loss": [
    24.024882584810257,
    37.04738040268421,
    52.76776124536991,
    69.76625861227512,
    112.50368583202362
  ]
}