{
  "ratio": [
    0.1,
    0.3,
    0.5,
    0.7,
    0.9
  ],
  "top1": [
    0.0172,
    0.0013,
    0.001,
    0.001,
    0.001
  ],
  "top5": [
    0.0549,
    0.0051,
    0.0051,
    0.005,
    0.005
  ],
  "loss": [
    25.964120745658875,
    46.340549021959305,
    60.33643001317978,
    50.73661608248949,
    59.88522846996784
  ]
}