{
  "ratio": [
    0.1,
    0.3,
    0.5,
    0.7,
    0.9
  ],
  "top1": [
    0.4687,
    0.4552,
    0.4242,
    0.366,
    0.1285
  ],
  "top5": [
    0.7253,
    0.7181,
    0.6861,
    0.6269,
    0.3123
  ],
  "train_losses": [
    [
      3.836505598258972,
      3.0552516469955444,
      2.701891774225235,
      2.460362238788605,
      2.274236023521423,
      2.107785119318962,
      1.9888754625797271,
      1.853461852645874,
      1.74808125487566,
      1.6537017145037651,
      1.5671221070766448,
      1.4789069819569587,
      1.4060430473685264,
      1.3436861823558808,
      1.275939860278368,
      1.229472602546215,
      1.1568045868039132,
      1.1248230947256088,
      1.076195714086294,
      1.0079042478442193
    ],
    [
      4.183140491914749,
      3.326275662231445,
      2.940877107143402,
      2.6859128444194793,
      2.484046545791626,
      2.3188648869752884,
      2.183425089049339,
      2.056645009970665,
      1.94047878793478,
      1.8474646595954896,
      1.760457377421856,
      1.6773801789522171,
      1.60239709379673,
      1.5351618441700936,
      1.459642503809929,
      1.4023841207027434,
      1.3412668993711472,
      1.3001966670870782,
      1.2430489331543446,
      1.1746715027511119
    ],
    [
      4.795135047340393,
      3.7605891357421877,
      3.410724064826965,
      3.0972962478637696,
      2.868575067329407,
      2.682071279168129,
      2.5375734438419344,
      2.3908999495983125,
      2.272318438959122,
      2.1698020661830903,
      2.080454270553589,
      1.999528622317314,
      1.9190732318639756,
      1.8389941497564315,
      1.777118633890152,
      1.7091590642094612,
      1.6447201266765594,
      1.5991456084609033,
      1.5471691608548164,
      1.4718258917927742
    ],
    [
      5.8520541761398315,
      4.844655517673492,
      4.364770341682434,
      4.038532375240326,
      3.7967231620788575,
      3.5944358306884765,
      3.4419386755943298,
      3.2911662187576294,
      3.1527895474910737,
      3.0375479096889495,
      2.927748047018051,
      2.8354337652683257,
      2.7352712623119353,
      2.650900232887268,
      2.557482328248024,
      2.480194460439682,
      2.424061162376404,
      2.3559867915153503,
      2.2892206340789794,
      2.2183997926473618
    ],
    [
      6.5589963788986205,
      6.113950815010071,
      5.8291384212493895,
      5.675125243186951,
      5.493190612792969,
      5.366500226783752,
      5.476266609191894,
      5.587368099403381,
      5.29396533241272,
      5.154941695594788,
      5.047733431720734,
      4.961479057407379,
      4.8973170424461365,
      4.831697369670868,
      4.768057170581818,
      4.713276491069793,
      4.647623741912842,
      4.600299957942963,
      4.5554961886405945,
      4.502832124328613
    ]
  ],
  "train_accuracies": [
    [
      22.295,
      33.2725,
      39.005,
      43.095,
      46.73,
      49.7875,
      52.005,
      54.715,
      56.8275,
      58.7175,
      60.440000000000005,
      62.222500000000004,
      64.1725,
      65.3125,
      66.705,
      67.655,
      69.15,
      69.9125,
      71.265,
      72.9475
    ],
    [
      18.055,
      28.865000000000002,
      35.120000000000005,
      39.2825,
      43.07,
      45.9025,
      48.405,
      50.5775,
      52.7125,
      54.705000000000005,
      56.34,
      57.972500000000004,
      59.777499999999996,
      61.025,
      62.62,
      64.0725,
      64.9875,
      66.1725,
      67.66,
      69.05250000000001
    ],
    [
      11.1,
      22.275,
      27.5575,
      32.4325,
      36.4275,
      39.2675,
      42.0625,
      44.4475,
      46.525,
      48.635,
      50.4375,
      51.902499999999996,
      53.285000000000004,
      55.142500000000005,
      56.317499999999995,
      57.315000000000005,
      58.52,
      59.765,
      60.587500000000006,
      62.32
    ],
    [
      2.3924999999999996,
      8.434999999999999,
      13.8125,
      18.0125,
      21.57,
      24.23,
      26.555,
      29.03,
      31.522499999999997,
      33.042500000000004,
      34.722500000000004,
      36.627500000000005,
      38.285000000000004,
      39.745000000000005,
      41.5,
      42.8725,
      43.69,
      44.98,
      46.3425,
      47.845
    ],
    [
      0.395,
      1.085,
      2.025,
      2.6325000000000003,
      3.6350000000000002,
      4.452500000000001,
      4.3475,
      3.9600000000000004,
      5.4775,
      6.4,
      7.234999999999999,
      8.055,
      8.834999999999999,
      9.16,
      9.934999999999999,
      10.37,
      11.1875,
      11.8175,
      12.135,
      12.7925
    ]
  ]
}