{
  "ratio": [
    0.1,
    0.3,
    0.5,
    0.7,
    0.9
  ],
  "top1": [
    0.002,
    0.0011,
    0.0012,
    0.001,
    0.001
  ],
  "top5": [
    0.0077,
    0.0054,
    0.005,
    0.0055,
    0.005
  ],
  "loss": [
    26.255349278450012,
    39.764575615525246,
    62.158487901091576,
    96.9557698071003,
    71.43845933675766
  ]
}