{
  "ratio": [
    0.1,
    0.3,
    0.5,
    0.7,
    0.9
  ],
  "top1": [
    0.473,
    0.4565,
    0.4332,
    0.3356,
    0.001
  ],
  "top5": [
    0.7289,
    0.7185,
    0.6958,
    0.5944,
    0.005
  ],
  "train_losses": [
    [
      597.8784273937345,
      477.3299366235733,
      421.4374614134431,
      383.03168711066246,
      351.5505146458745,
      326.6091203726828,
      307.2071962337941,
      285.4576218724251,
      266.92391764745116,
      253.09750707633793,
      238.35223893634975,
      224.2103907521814,
      212.3199549112469,
      201.63444287888706,
      189.98869633115828,
      180.8494974412024,
      171.68626910820603,
      166.13732560630888,
      156.2188675738871,
      144.7146340929903
    ],
    [
      659.5299405157566,
      523.2038768827915,
      462.5429204851389,
      419.99842685461044,
      389.1644037477672,
      360.64167446643114,
      340.5052805505693,
      318.3629234470427,
      299.9776742979884,
      283.02660917304456,
      270.7608084138483,
      255.80624112300575,
      244.2556290142238,
      232.12835983932018,
      220.9382577482611,
      210.95697725191712,
      199.64759312476963,
      192.7526853401214,
      183.1381846703589,
      171.03899171948433
    ],
    [
      729.3754978477955,
      580.1135489493608,
      525.9906388148665,
      479.1780556663871,
      442.12313532829285,
      412.32513692229986,
      389.01906418427825,
      366.4480235911906,
      345.5509018972516,
      331.15488678216934,
      315.8081678561866,
      301.34801856800914,
      288.60075594112277,
      277.38042648136616,
      265.3126787971705,
      255.732122996822,
      243.91834161244333,
      236.7508951406926,
      227.00301152653992,
      215.01922650635242
    ],
    [
      940.542044788599,
      808.0572685152292,
      734.2992789894342,
      684.0868247747421,
      647.1591896861792,
      615.5736422985792,
      587.6664909273386,
      563.6750165969133,
      541.311486646533,
      521.4922304004431,
      502.9275022447109,
      487.1609665751457,
      485.04933443665504,
      466.00024937838316,
      448.09057299792767,
      434.6534359380603,
      420.06026427447796,
      407.8672219440341,
      397.65668265521526,
      384.75645872205496
    ],
    [
      1081.7579559981823,
      1079.6754031479359,
      1079.6070704460144,
      1079.5994299948215,
      1079.5894614458084,
      1079.5834779441357,
      1079.578417032957,
      1079.5739556252956,
      1079.5683933794498,
      1079.5652613937855,
      1079.5626308918,
      1079.559706479311,
      1079.557569205761,
      1079.5562189817429,
      1079.5554791390896,
      1079.553920328617,
      1079.5536268353462,
      1079.5536291897297,
      1079.5524770319462,
      1079.5521640479565
    ]
  ],
  "train_accuracies": [
    [
      564.8125,
      825.6875,
      976.6875,
      1082.25,
      1183.625,
      1253.0625,
      1311.1875,
      1375.4375,
      1442.75,
      1483.125,
      1526.75,
      1573.9375,
      1618.5625,
      1652.875,
      1698.3125,
      1728.5,
      1760.3125,
      1777.5,
      1819.4375,
      1868.0625
    ],
    [
      436.75,
      720.25,
      868.625,
      976.875,
      1062.25,
      1155.375,
      1207.25,
      1275.3125,
      1329.5,
      1386.375,
      1424.0625,
      1474.6875,
      1508.25,
      1557.25,
      1589.3125,
      1619.9375,
      1657.0625,
      1686.0,
      1727.1875,
      1771.25
    ],
    [
      300.0625,
      579.5,
      703.5,
      819.9375,
      927.875,
      1006.6875,
      1059.4375,
      1132.125,
      1192.5625,
      1232.25,
      1285.5,
      1336.0,
      1371.9375,
      1406.75,
      1439.5,
      1469.875,
      1513.0625,
      1530.3125,
      1563.875,
      1616.1875
    ],
    [
      43.0625,
      141.5,
      250.6875,
      336.6875,
      417.0,
      477.5625,
      549.6875,
      600.375,
      653.375,
      705.0,
      752.25,
      797.3125,
      803.5625,
      851.625,
      904.6875,
      935.875,
      975.375,
      1006.375,
      1047.5625,
      1073.4375
    ],
    [
      2.625,
      2.1875,
      2.1875,
      2.375,
      2.375,
      2.4375,
      2.125,
      2.3125,
      2.1875,
      2.25,
      2.1875,
      2.5,
      2.0625,
      2.0625,
      2.125,
      2.0,
      1.1875,
      1.375,
      1.25,
      1.75
    ]
  ]
}