{
  "ratio": [
    0.1
  ],
  "top1": [
    0.6181
  ],
  "top5": [
    0.8475
  ],
  "train_losses": [
    [
      2.8231323466300964,
      2.1694831058502198,
      1.8925859887123109,
      1.7021642721176147,
      1.536974804496765,
      1.4335891092300415,
      1.330400521993637,
      1.2424944172382355,
      1.1672936110496521,
      1.1148253492832183,
      1.0453989073753356,
      1.0030402888774872,
      0.9521388775348664,
      0.9173835402011872,
      0.8839552613973618,
      0.8546724088430405,
      0.8234896522045135,
      0.7986729581356049,
      0.7706729762077331,
      0.7620388208389283
    ]
  ],
  "train_accuracies": [
    [
      43.68,
      53.98,
      58.637499999999996,
      62.70250000000001,
      66.4375,
      68.6225,
      71.17999999999999,
      73.6375,
      75.7275,
      77.22250000000001,
      79.44,
      80.655,
      82.42,
      83.54,
      84.4925,
      85.8275,
      86.91,
      87.8925,
      88.91,
      89.01
    ]
  ]
}