{
  "ratio": [
    0.1
  ],
  "top1": [
    0.5512
  ],
  "top5": [
    0.7989
  ],
  "train_losses": [
    [
      4.437678116607666,
      3.4733759185791016,
      3.031758387851715,
      2.758040621805191,
      2.5403623618125915,
      2.369744220542908,
      2.229351851272583,
      2.090338712692261,
      1.982655584526062,
      1.876539698076248,
      1.796675839138031,
      1.7041481214284897,
      1.6430990340709686,
      1.5795956867218017,
      1.5087499814271927,
      1.4576494914054872,
      1.4128589727163314,
      1.3610276749372483,
      1.3185621435880661,
      1.2553255616903305
    ]
  ],
  "train_accuracies": [
    [
      24.335,
      35.5825,
      41.995,
      45.78,
      49.755,
      52.5275,
      55.1,
      57.595,
      59.6275,
      61.6225,
      63.5975,
      65.635,
      66.99249999999999,
      68.4625,
      70.035,
      71.4375,
      72.49,
      74.08,
      75.24,
      77.09
    ]
  ]
}