{
  "ratio": [
    0.1,
    0.3,
    0.5,
    0.7,
    0.9
  ],
  "top1": [
    0.4771,
    0.4555,
    0.433,
    0.3577,
    0.1569
  ],
  "top5": [
    0.7336,
    0.713,
    0.6908,
    0.617,
    0.3618
  ],
  "train_losses": [
    [
      3.84805570602417,
      3.062658648061752,
      2.7044769147872927,
      2.446446293926239,
      2.256732987880707,
      2.0803496092796325,
      1.9596843661546708,
      1.8208123266935348,
      1.71191689889431,
      1.6065509592413902,
      1.5347096552729607,
      1.4451878610134126,
      1.3726956572651863,
      1.2918002953886987,
      1.232816464060545,
      1.1659225199103356,
      1.1017188453316689,
      1.0569484243690968,
      0.9939253870010376,
      0.9252978866040706
    ],
    [
      4.179659611845016,
      3.320951007556915,
      2.9406624865055084,
      2.66399616189003,
      2.469962945127487,
      2.2926743999242785,
      2.1581499187231064,
      2.0143785242319105,
      1.907432388162613,
      1.803260951781273,
      1.7122830916166305,
      1.62193442953825,
      1.5429236035585403,
      1.480831028354168,
      1.4012841690301896,
      1.3396352813959123,
      1.2694422110378742,
      1.221701914268732,
      1.1643680037617683,
      1.089971436792612
    ],
    [
      4.731789877891541,
      3.789290873336792,
      3.403682614850998,
      3.0907287821769716,
      2.8564084735870363,
      2.6674687829971315,
      2.5224461253881456,
      2.375989056444168,
      2.246115226316452,
      2.1403815997362137,
      2.0399977344989777,
      1.9542239683151246,
      1.868244064927101,
      1.7969721883535386,
      1.718386186492443,
      1.65009604203701,
      1.5775868275046347,
      1.5295840819716453,
      1.4704123191952705,
      1.3924041448235511
    ],
    [
      5.893706498908997,
      4.913077735710144,
      4.432944913101196,
      4.107187553596496,
      3.8768088988304137,
      3.664308240032196,
      3.527804567861557,
      3.3504176501750944,
      3.2016946641921997,
      3.066202141427994,
      3.0168022896766664,
      2.896940823483467,
      2.7780201083183287,
      2.6833266553878783,
      2.5868313149929048,
      2.497397093629837,
      2.4191915182828905,
      2.359959594774246,
      2.2898423628568647,
      2.204380985069275
    ],
    [
      6.627428846359253,
      6.101740287208557,
      5.79962059211731,
      5.564446663475037,
      5.4027504049301145,
      5.275965086174011,
      5.162349067211151,
      5.060125139045716,
      4.982456947040558,
      4.884556248760223,
      4.784130076599121,
      4.7009754571914675,
      4.626235656547546,
      4.569378690814972,
      4.493269977092743,
      4.423875137805939,
      4.373813740825653,
      4.308359083461761,
      4.270882206439972,
      4.212429154586792
    ]
  ],
  "train_accuracies": [
    [
      22.3475,
      32.87,
      39.129999999999995,
      43.5925,
      47.02,
      50.3425,
      52.387499999999996,
      55.24,
      57.335,
      59.650000000000006,
      60.985,
      62.845,
      64.59,
      66.2425,
      67.61749999999999,
      69.175,
      70.4175,
      71.58250000000001,
      73.185,
      74.87
    ],
    [
      17.8,
      29.0325,
      35.0775,
      39.595,
      43.3075,
      46.3275,
      48.7475,
      51.345,
      53.459999999999994,
      55.657500000000006,
      57.24249999999999,
      59.495,
      60.8525,
      62.03999999999999,
      63.932500000000005,
      65.235,
      66.7175,
      67.7525,
      69.285,
      70.9575
    ],
    [
      11.575000000000001,
      22.28,
      27.9675,
      32.515,
      36.7775,
      39.5325,
      42.1225,
      44.775,
      46.785,
      49.065,
      50.8825,
      52.5725,
      54.055,
      55.58,
      57.35249999999999,
      58.6275,
      60.19,
      61.029999999999994,
      62.387499999999996,
      63.982499999999995
    ],
    [
      2.1350000000000002,
      7.575,
      12.6925,
      17.09,
      20.4525,
      23.2975,
      25.61,
      27.9975,
      30.830000000000002,
      32.5375,
      33.585,
      35.585,
      37.495,
      39.3825,
      40.9875,
      42.845,
      43.6125,
      44.7975,
      46.58,
      47.8425
    ],
    [
      0.4,
      1.0574999999999999,
      2.07,
      2.97,
      4.1375,
      4.9475,
      6.0625,
      6.6375,
      7.4875,
      8.477500000000001,
      9.15,
      10.3175,
      11.129999999999999,
      12.04,
      12.5225,
      13.4275,
      13.99,
      15.157499999999999,
      15.0875,
      16.195
    ]
  ]
}