{
  "features.1.conv.0.1": {
    "top1": [
      0.71854,
      0.58422,
      0.03494,
      0.00222,
      0.0011
    ],
    "top5": [
      0.90308,
      0.81946,
      0.10052,
      0.0075,
      0.00558
    ],
    "loss": [
      14.007097372610588,
      21.558902238844894,
      103.64629731327295,
      132.17904175072908,
      138.93344128131866
    ]
  },
  "ratio": [
    0.1,
    0.3,
    0.5,
    0.7,
    0.9
  ],
  "features.2.conv.1.1": {
    "top1": [
      0.58054,
      0.02736,
      0.0023,
      0.00102,
      0.00164
    ],
    "top5": [
      0.81328,
      0.0921,
      0.01308,
      0.0075,
      0.0053
    ],
    "loss": [
      21.95689702965319,
      111.8088430184871,
      157.76751513406634,
      167.05937315896153,
      113.35681952536106
    ]
  },
  "features.3.conv.1.1": {
    "top1": [
      0.39146,
      0.00978,
      0.00246,
      0.00208,
      0.0021
    ],
    "top5": [
      0.63004,
      0.03956,
      0.01042,
      0.00804,
      0.00762
    ],
    "loss": [
      37.08976807910949,
      106.81610863655806,
      130.90487267449498,
      129.98567035794258,
      130.98002271726727
    ]
  },
  "features.4.conv.1.1": {
    "top1": [
      0.40248,
      0.04732,
      0.005,
      0.0015,
      0.0011
    ],
    "top5": [
      0.6409,
      0.1135,
      0.01722,
      0.00682,
      0.00512
    ],
    "loss": [
      36.27325087040663,
      89.7081868276,
      114.87685256451368,
      107.13670920208097,
      109.7651598751545
    ]
  },
  "features.5.conv.1.1": {
    "top1": [
      0.62854,
      0.6236,
      0.48902,
      0.38484,
      0.20268
    ],
    "top5": [
      0.8476,
      0.8476,
      0.7351,
      0.62196,
      0.3856
    ],
    "loss": [
      19.00822758441791,
      19.15170132298954,
      28.872065320611,
      38.48327360628173,
      60.132862916216254
    ]
  },
  "features.6.conv.1.1": {
    "top1": [
      0.62552,
      0.23756,
      0.19088,
      0.29228,
      0.31406
    ],
    "top5": [
      0.84526,
      0.44434,
      0.36976,
      0.5173,
      0.544
    ],
    "loss": [
      19.287325887242332,
      59.74568483885378,
      67.38221649080515,
      49.27415698394179,
      46.63951460970566
    ]
  },
  "features.7.conv.1.1": {
    "top1": [
      0.56866,
      0.24724,
      0.00842,
      0.00132,
      0.001
    ],
    "top5": [
      0.79438,
      0.4472,
      0.02732,
      0.00774,
      0.00528
    ],
    "loss": [
      23.54152225726284,
      53.952083840966225,
      107.70032841712236,
      110.43923255428672,
      107.0717159062624
    ]
  },
  "features.8.conv.1.1": {
    "top1": [
      0.69342,
      0.66978,
      0.63116,
      0.35022,
      0.0788
    ],
    "top5": [
      0.88912,
      0.87492,
      0.84948,
      0.58056,
      0.18524
    ],
    "loss": [
      15.335587868234143,
      16.643090996309184,
      18.93727159348782,
      41.60140858171508,
      87.47851887531579
    ]
  },
  "features.9.conv.1.1": {
    "top1": [
      0.69292,
      0.66854,
      0.6629,
      0.62728,
      0.60626
    ],
    "top5": [
      0.89038,
      0.87758,
      0.87066,
      0.84936,
      0.83638
    ],
    "loss": [
      15.379720149445347,
      16.604403576464392,
      17.1500430960441,
      19.231867652852088,
      20.610783376265317
    ]
  },
  "features.10.conv.1.1": {
    "top1": [
      0.69156,
      0.6384,
      0.5914,
      0.56238,
      0.52704
    ],
    "top5": [
      0.8893,
      0.85752,
      0.8257,
      0.80352,
      0.7711
    ],
    "loss": [
      15.459851946448907,
      18.342477147234604,
      21.280432695755735,
      23.157302784500644,
      25.801500534638762
    ]
  },
  "features.11.conv.1.1": {
    "top1": [
      0.60364,
      0.16826,
      0.01532,
      0.00242,
      0.00116
    ],
    "top5": [
      0.83254,
      0.35196,
      0.04668,
      0.00984,
      0.00606
    ],
    "loss": [
      20.5068077116739,
      61.517691161483526,
      94.49091163650155,
      103.71711682528257,
      100.06237022578716
    ]
  },
  "features.12.conv.1.1": {
    "top1": [
      0.65618,
      0.59848,
      0.51402,
      0.41768,
      0.26912
    ],
    "top5": [
      0.86808,
      0.83032,
      0.76598,
      0.6784,
      0.50886
    ],
    "loss": [
      17.257657979265787,
      20.55109414132312,
      26.026745152194053,
      32.98082476016134,
      47.65514105372131
    ]
  },
  "features.13.conv.1.1": {
    "top1": [
      0.554,
      0.39582,
      0.25124,
      0.15344,
      0.0885
    ],
    "top5": [
      0.78896,
      0.65036,
      0.47794,
      0.3358,
      0.21582
    ],
    "loss": [
      24.16935900039971,
      35.84701169934124,
      49.138192212209105,
      60.27295973338187,
      74.04370376653969
    ]
  },
  "features.14.conv.1.1": {
    "top1": [
      0.42378,
      0.09726,
      0.02076,
      0.00428,
      0.00094
    ],
    "top5": [
      0.6624,
      0.22596,
      0.06204,
      0.01558,
      0.00672
    ],
    "loss": [
      35.010428913868964,
      97.22179187461734,
      166.4664051849395,
      240.70818568766117,
      357.5795264169574
    ]
  },
  "features.15.conv.1.1": {
    "top1": [
      0.64786,
      0.54084,
      0.3503,
      0.281,
      0.18632
    ],
    "top5": [
      0.86472,
      0.77968,
      0.59548,
      0.51748,
      0.39154
    ],
    "loss": [
      18.107053393032402,
      26.72176053095609,
      51.13188847526908,
      58.90629547694698,
      71.3454176732339
    ]
  },
  "features.16.conv.1.1": {
    "top1": [
      0.59164,
      0.44148,
      0.31438,
      0.29296,
      0.21828
    ],
    "top5": [
      0.82322,
      0.68724,
      0.56274,
      0.53938,
      0.43222
    ],
    "loss": [
      26.748278218321502,
      37.49606992863119,
      47.89484497718513,
      44.8813269874081,
      51.41111097857356
    ]
  },
  "features.17.conv.1.1": {
    "top1": [
      0.51684,
      0.14072,
      0.09168,
      0.03382,
      0.0043
    ],
    "top5": [
      0.75448,
      0.31386,
      0.19202,
      0.08072,
      0.01818
    ],
    "loss": [
      27.760388468916062,
      73.02135106362402,
      104.43567438982427,
      154.79231148120016,
      207.8458080086857
    ]
  }
}