{
  "features.1.conv.0.1": {
    "top1": [
      0.71096,
      0.5757,
      0.03474,
      0.0022,
      0.00114
    ],
    "top5": [
      0.89948,
      0.813,
      0.09788,
      0.00736,
      0.00558
    ],
    "loss": [
      14.403162048663944,
      22.223612068686634,
      103.64576007798314,
      131.74684715643525,
      138.54842003434896
    ]
  },
  "features.2.conv.1.1": {
    "top1": [
      0.57006,
      0.02824,
      0.00234,
      0.00102,
      0.00162
    ],
    "top5": [
      0.80558,
      0.09398,
      0.0128,
      0.00766,
      0.00534
    ],
    "loss": [
      22.71068325964734,
      109.75838568434119,
      157.76405614987016,
      167.2277132384479,
      113.75423611328006
    ]
  },
  "features.3.conv.1.1": {
    "top1": [
      0.3765,
      0.00972,
      0.00236,
      0.00208,
      0.00204
    ],
    "top5": [
      0.61622,
      0.03884,
      0.01028,
      0.0079,
      0.0078
    ],
    "loss": [
      38.63741221651435,
      106.57205509021878,
      131.6942581795156,
      130.46310277096927,
      131.80611641332507
    ]
  },
  "features.4.conv.1.1": {
    "top1": [
      0.38188,
      0.0451,
      0.00462,
      0.00156,
      0.00108
    ],
    "top5": [
      0.61692,
      0.11048,
      0.01654,
      0.00704,
      0.00516
    ],
    "loss": [
      38.688165878877044,
      90.7589758131653,
      114.93547889590263,
      107.02099776268005,
      109.59588756784797
    ]
  },
  "features.5.conv.1.1": {
    "top1": [
      0.6069,
      0.62694,
      0.48994,
      0.38124,
      0.19686
    ],
    "top5": [
      0.83262,
      0.84834,
      0.7356,
      0.61546,
      0.37608
    ],
    "loss": [
      20.447602433618158,
      19.119747966295108,
      28.76720022317022,
      39.07511836849153,
      60.880392072722316
    ]
  },
  "features.6.conv.1.1": {
    "top1": [
      0.61492,
      0.23106,
      0.18622,
      0.28926,
      0.3051
    ],
    "top5": [
      0.83726,
      0.43712,
      0.36168,
      0.5079,
      0.53326
    ],
    "loss": [
      20.01523323962465,
      59.9209018656984,
      67.78178645856678,
      49.83770241867751,
      47.46645291894674
    ]
  },
  "features.7.conv.1.1": {
    "top1": [
      0.54134,
      0.22984,
      0.00826,
      0.0013,
      0.001
    ],
    "top5": [
      0.77294,
      0.42662,
      0.0265,
      0.00762,
      0.00518
    ],
    "loss": [
      25.470998293720186,
      56.500871101394296,
      107.62498717010021,
      110.88355255126953,
      107.20022105798125
    ]
  },
  "features.8.conv.1.1": {
    "top1": [
      0.6854,
      0.66142,
      0.62424,
      0.32742,
      0.06948
    ],
    "top5": [
      0.88574,
      0.8692,
      0.8417,
      0.55288,
      0.16748
    ],
    "loss": [
      15.842723487992771,
      17.202552509494126,
      19.620376507751644,
      44.18108316138387,
      90.33383758366108
    ]
  },
  "features.9.conv.1.1": {
    "top1": [
      0.6898,
      0.6697,
      0.66226,
      0.62982,
      0.61246
    ],
    "top5": [
      0.8877,
      0.87602,
      0.87038,
      0.8512,
      0.83834
    ],
    "loss": [
      15.629996660689358,
      16.68985240231268,
      17.231718708528206,
      19.108421202981845,
      20.384089114842936
    ]
  },
  "features.10.conv.1.1": {
    "top1": [
      0.6878,
      0.63686,
      0.59266,
      0.56456,
      0.53012
    ],
    "top5": [
      0.88706,
      0.85544,
      0.82604,
      0.8044,
      0.77394
    ],
    "loss": [
      15.692610385362059,
      18.53071971400641,
      21.33095110184513,
      23.10674373502843,
      25.75267687626183
    ]
  },
  "features.11.conv.1.1": {
    "top1": [
      0.59084,
      0.1408,
      0.01428,
      0.00234,
      0.00112
    ],
    "top5": [
      0.821,
      0.3056,
      0.04548,
      0.01046,
      0.00626
    ],
    "loss": [
      21.376359459245577,
      66.13404728472233,
      94.96281173080206,
      103.78863148391247,
      99.8527332097292
    ]
  },
  "features.12.conv.1.1": {
    "top1": [
      0.65336,
      0.59428,
      0.51166,
      0.41676,
      0.26124
    ],
    "top5": [
      0.86686,
      0.82788,
      0.76342,
      0.67856,
      0.49868
    ],
    "loss": [
      17.45897646236699,
      20.840168295428157,
      26.16386583633721,
      32.946845727041364,
      47.80971038714051
    ]
  },
  "features.13.conv.1.1": {
    "top1": [
      0.53336,
      0.36828,
      0.22414,
      0.13282,
      0.0723
    ],
    "top5": [
      0.77098,
      0.6211,
      0.44282,
      0.30098,
      0.18802
    ],
    "loss": [
      25.66058163717389,
      38.06431659217924,
      52.00654382817447,
      63.18616998940706,
      76.91957684978843
    ]
  },
  "features.14.conv.1.1": {
    "top1": [
      0.40792,
      0.09206,
      0.01972,
      0.00408,
      0.00092
    ],
    "top5": [
      0.64698,
      0.21644,
      0.05972,
      0.01464,
      0.00666
    ],
    "loss": [
      36.70771576068364,
      98.96778907068074,
      167.7936252579093,
      243.05842252075672,
      359.27527437359095
    ]
  },
  "features.15.conv.1.1": {
    "top1": [
      0.63466,
      0.53418,
      0.33662,
      0.26974,
      0.17388
    ],
    "top5": [
      0.85596,
      0.77438,
      0.58126,
      0.50012,
      0.372
    ],
    "loss": [
      18.924303645035252,
      27.412310465006158,
      53.56805336102843,
      61.64406030345708,
      74.3588215392083
    ]
  },
  "features.16.conv.1.1": {
    "top1": [
      0.5826,
      0.43266,
      0.31082,
      0.28866,
      0.21762
    ],
    "top5": [
      0.81756,
      0.67786,
      0.5549,
      0.53562,
      0.43536
    ],
    "loss": [
      27.756535032764077,
      38.68137038871646,
      48.781712766736746,
      45.28970911446959,
      51.217913798987865
    ]
  },
  "features.17.conv.1.1": {
    "top1": [
      0.50698,
      0.13684,
      0.08666,
      0.03252,
      0.0041
    ],
    "top5": [
      0.74682,
      0.31034,
      0.18544,
      0.07778,
      0.01812
    ],
    "loss": [
      28.622359328903258,
      73.74094871524721,
      106.46136314142495,
      156.95356149598956,
      209.1782298721373
    ]
  }
}