{
  "ratio": [
    0.1,
    0.3,
    0.5,
    0.7,
    0.9
  ],
  "top1": [
    0.4491,
    0.1868,
    0.0792,
    0.0644,
    0.027
  ],
  "top5": [
    0.7132,
    0.3845,
    0.2037,
    0.1775,
    0.0766
  ],
  "train_losses": [
    [
      4.634015364456177,
      3.482256957483292,
      3.0252185714244844,
      2.7284169532775877,
      2.496510593318939,
      2.306315791153908,
      2.16033991625309,
      2.0115825132608416,
      1.8868937047481538,
      1.778503654718399,
      1.6778810519218446,
      1.5721954359292984,
      1.496921349799633,
      1.4265862563967704,
      1.344384480035305,
      1.2846548701405525,
      1.2126359846413135,
      1.1591852749586105,
      1.1002947262823581,
      1.0142913905024529
    ],
    [
      6.495555501365661,
      5.944782085609436,
      5.593916006088257,
      5.289449542427063,
      5.049363290405274,
      4.849856665039063,
      4.668036512565613,
      4.523053105640411,
      4.38477478427887,
      4.240678185462952,
      4.116517446136474,
      3.994328473186493,
      3.8873800590515137,
      3.778698059177399,
      3.6775414182662964,
      3.5916216947078703,
      3.4810448598861696,
      3.405638698005676,
      3.315195861339569,
      3.21490949549675
    ],
    [
      6.795481792259216,
      6.493616287040711,
      6.3039845359802245,
      6.1651578607559205,
      6.032536660385132,
      5.910501105880737,
      5.818167590904236,
      5.718257006645203,
      5.615261793518067,
      5.5185589544296265,
      5.441131634330749,
      5.358140379524231,
      5.287576410579681,
      5.217107865810394,
      5.147584690856934,
      5.090649852657318,
      5.116592478752136,
      5.141222852993011,
      4.998363772583008,
      4.914635202026367
    ],
    [
      6.773596646690368,
      6.475802887916565,
      6.321292225646973,
      6.197193620872498,
      6.093303359222412,
      5.998591442871094,
      5.923982803726196,
      5.841764300727844,
      5.779943292427063,
      5.715111157035827,
      5.655623276519775,
      5.602355319404602,
      5.594361394500733,
      5.495984286403656,
      5.445433468818664,
      5.383821586990356,
      5.363929510307312,
      5.29230922832489,
      5.241467399692535,
      5.19731997089386
    ],
    [
      6.947667161560059,
      6.806794444847107,
      6.698377588272095,
      6.605072454452515,
      6.546173519706726,
      6.4737086036682125,
      6.415852262306213,
      6.376058841896057,
      6.345259892654419,
      6.308490714263916,
      6.279660781288147,
      6.256235218811035,
      6.238810002136231,
      6.206981978034973,
      6.1855917123794555,
      6.169669097900391,
      6.137897852706909,
      6.13288486289978,
      6.110208852767944,
      6.090292398071289
    ]
  ],
  "train_accuracies": [
    [
      14.249999999999998,
      26.8975,
      33.502500000000005,
      38.6625,
      42.82,
      46.239999999999995,
      48.9075,
      51.4525,
      54.0025,
      56.10000000000001,
      58.13,
      60.4525,
      61.932500000000005,
      63.275000000000006,
      65.3825,
      66.3825,
      67.9025,
      69.0,
      70.525,
      72.5925
    ],
    [
      0.73,
      2.2325,
      3.9849999999999994,
      6.4025,
      8.145,
      10.135,
      12.0875,
      13.719999999999999,
      15.2775,
      17.0375,
      18.4425,
      20.052500000000002,
      21.475,
      22.7575,
      24.335,
      25.6525,
      27.1075,
      28.13,
      29.494999999999997,
      31.2425
    ],
    [
      0.2775,
      0.845,
      1.3575,
      1.805,
      2.5375,
      3.0949999999999998,
      3.6325000000000003,
      4.324999999999999,
      4.9275,
      5.67,
      6.342499999999999,
      7.1075,
      7.515,
      8.05,
      8.785,
      9.354999999999999,
      9.2725,
      9.225,
      10.2225,
      11.0225
    ],
    [
      0.3725,
      0.8750000000000001,
      1.29,
      1.7049999999999998,
      2.17,
      2.555,
      3.15,
      3.605,
      3.9524999999999997,
      4.3374999999999995,
      4.8425,
      5.2975,
      5.17,
      5.9825,
      6.2275,
      6.805,
      6.922499999999999,
      7.3774999999999995,
      7.9575000000000005,
      8.355
    ],
    [
      0.09749999999999999,
      0.31,
      0.48250000000000004,
      0.61,
      0.7075,
      0.9525,
      1.2025,
      1.2149999999999999,
      1.3525,
      1.4625000000000001,
      1.6375000000000002,
      1.7274999999999998,
      1.71,
      1.9425000000000001,
      2.1075,
      2.1624999999999996,
      2.2875,
      2.3775,
      2.5149999999999997,
      2.6325000000000003
    ]
  ]
}