{
  "ratio": [
    0.1,
    0.3,
    0.5,
    0.7,
    0.9
  ],
  "features.0.0": {
    "top1": [
      0.71862,
      0.71514,
      0.40646,
      0.00138,
      0.00104
    ],
    "top5": [
      0.90304,
      0.90184,
      0.65036,
      0.00656,
      0.00466
    ],
    "loss": [
      14.00696936820168,
      14.153842089814134,
      35.19536043563858,
      164.69349606335163,
      153.4864178597927
    ]
  },
  "features.2.conv.0.0": {
    "top1": [
      0.69044,
      0.46034,
      0.11646,
      0.00866,
      0.00122
    ],
    "top5": [
      0.88982,
      0.70196,
      0.25954,
      0.02908,
      0.0059
    ],
    "loss": [
      15.524456723127514,
      31.210701658390462,
      75.68167647346854,
      124.67982077226043,
      141.2575168684125
    ]
  },
  "features.3.conv.0.0": {
    "top1": [
      0.68256,
      0.50412,
      0.02906,
      0.00254,
      0.0022
    ],
    "top5": [
      0.88234,
      0.74888,
      0.09602,
      0.01504,
      0.00848
    ],
    "loss": [
      15.980732813710347,
      27.81615435425192,
      109.84972174465656,
      145.82856949418783,
      134.48142564669251
    ]
  },
  "features.4.conv.0.0": {
    "top1": [
      0.70566,
      0.51496,
      0.06398,
      0.01284,
      0.00184
    ],
    "top5": [
      0.89708,
      0.75558,
      0.15448,
      0.04118,
      0.00668
    ],
    "loss": [
      14.662214486626908,
      27.18827483197674,
      87.38998909853399,
      106.18170326948166,
      135.88360790908337
    ]
  },
  "features.5.conv.0.0": {
    "top1": [
      0.7109,
      0.64938,
      0.40074,
      0.22562,
      0.15732
    ],
    "top5": [
      0.9006,
      0.86102,
      0.64218,
      0.42438,
      0.31988
    ],
    "loss": [
      14.316629935172386,
      17.83306603913661,
      36.77597323060036,
      56.88476260192692,
      66.67690780945122
    ]
  },
  "features.6.conv.0.0": {
    "top1": [
      0.715,
      0.68008,
      0.49162,
      0.18154,
      0.29248
    ],
    "top5": [
      0.90224,
      0.88114,
      0.73294,
      0.35954,
      0.52446
    ],
    "loss": [
      14.160801810852718,
      16.10929945996031,
      28.804491554852575,
      62.15299247391522,
      48.32677135011181
    ]
  },
  "features.7.conv.0.0": {
    "top1": [
      0.6762,
      0.43312,
      0.02294,
      0.00236,
      0.0014
    ],
    "top5": [
      0.8775,
      0.67392,
      0.07716,
      0.01222,
      0.00628
    ],
    "loss": [
      16.359179029241204,
      33.37601952906698,
      106.99013599008322,
      128.2312674447894,
      102.04479009658098
    ]
  },
  "features.8.conv.0.0": {
    "top1": [
      0.71332,
      0.69842,
      0.65882,
      0.4804,
      0.13748
    ],
    "top5": [
      0.90112,
      0.89292,
      0.86668,
      0.7257,
      0.29232
    ],
    "loss": [
      14.247299025009852,
      15.081149983569048,
      17.409673207672313,
      29.795383946038783,
      70.05382260121405
    ]
  },
  "features.9.conv.0.0": {
    "top1": [
      0.71542,
      0.70256,
      0.6796,
      0.64082,
      0.62556
    ],
    "top5": [
      0.90114,
      0.89518,
      0.88202,
      0.85298,
      0.84384
    ],
    "loss": [
      14.188333094294649,
      14.872105248039588,
      16.121686031925492,
      18.478986560134217,
      19.46013406966813
    ]
  },
  "features.10.conv.0.0": {
    "top1": [
      0.71324,
      0.6783,
      0.65724,
      0.6077,
      0.5518
    ],
    "top5": [
      0.90152,
      0.88222,
      0.86862,
      0.83254,
      0.79118
    ],
    "loss": [
      14.314065037702676,
      16.096388654666953,
      17.269774530432187,
      20.484361549140885,
      24.27464977838099
    ]
  },
  "features.11.conv.0.0": {
    "top1": [
      0.6291,
      0.39354,
      0.0487,
      0.00356,
      0.00108
    ],
    "top5": [
      0.8458,
      0.62954,
      0.12838,
      0.01312,
      0.0061
    ],
    "loss": [
      19.303693121357355,
      37.864883455913514,
      89.87707370147109,
      119.26617705076933,
      113.29775357991457
    ]
  },
  "features.12.conv.0.0": {
    "top1": [
      0.70674,
      0.64584,
      0.54946,
      0.47148,
      0.3438
    ],
    "top5": [
      0.89626,
      0.86128,
      0.79266,
      0.72926,
      0.59654
    ],
    "loss": [
      14.6580177154392,
      18.15507076191716,
      24.285710651194677,
      29.534370763925835,
      40.224421398714185
    ]
  },
  "features.13.conv.0.0": {
    "top1": [
      0.70552,
      0.60632,
      0.49382,
      0.31458,
      0.10434
    ],
    "top5": [
      0.89668,
      0.83436,
      0.74832,
      0.55992,
      0.25518
    ],
    "loss": [
      14.700423583271913,
      20.20423534605652,
      27.36025658296421,
      42.63530227076262,
      71.87730478867888
    ]
  },
  "features.14.conv.0.0": {
    "top1": [
      0.6642,
      0.2189,
      0.01528,
      0.0043,
      0.00126
    ],
    "top5": [
      0.86982,
      0.43142,
      0.05492,
      0.01464,
      0.00588
    ],
    "loss": [
      17.12111078039743,
      63.76209927583113,
      160.13346633687615,
      222.83815567940474,
      304.51536133140326
    ]
  },
  "features.15.conv.0.0": {
    "top1": [
      0.66016,
      0.36394,
      0.21492,
      0.24544,
      0.21964
    ],
    "top5": [
      0.86952,
      0.60948,
      0.42996,
      0.4752,
      0.4351
    ],
    "loss": [
      17.043896852759644,
      39.40034163277596,
      53.07000523339957,
      48.443659503012896,
      53.213166154921055
    ]
  },
  "features.16.conv.0.0": {
    "top1": [
      0.70882,
      0.58946,
      0.46822,
      0.18754,
      0.14262
    ],
    "top5": [
      0.89904,
      0.82132,
      0.72626,
      0.39162,
      0.32248
    ],
    "loss": [
      14.419842839124613,
      24.55742893088609,
      30.9204769609496,
      56.2053394690156,
      58.11395477876067
    ]
  },
  "features.17.conv.0.0": {
    "top1": [
      0.63646,
      0.25426,
      0.07462,
      0.0177,
      0.00494
    ],
    "top5": [
      0.8442,
      0.45668,
      0.15972,
      0.0524,
      0.0148
    ],
    "loss": [
      19.452064674638677,
      67.30064667295665,
      135.26672624982893,
      208.97795607615262,
      239.39577755890787
    ]
  }
}