{
  "list_ratio": [
    [
      0.1,
      0.1
    ],
    [
      0.1,
      0.3
    ],
    [
      0.3,
      0.3
    ],
    [
      0.3,
      0.5
    ],
    [
      0.5,
      0.5
    ],
    [
      0.5,
      0.7
    ],
    [
      0.7,
      0.7
    ]
  ],
  "ratio": [
    0.19,
    0.37,
    0.51,
    0.65,
    0.75,
    0.85,
    0.91
  ],
  "top1": [
    0.4685,
    0.4559,
    0.4422,
    0.4216,
    0.3907,
    0.3425,
    0.2755
  ],
  "top5": [
    0.7219,
    0.7183,
    0.6968,
    0.678,
    0.6474,
    0.5989,
    0.5165
  ],
  "train_losses": [
    [
      1.3831117301583291,
      1.2511342533826828,
      1.151485310971737,
      1.0826927314937114,
      1.0225078337669373,
      0.9585257481336593,
      0.9198391523122788,
      0.8525293723344803,
      0.809740162217617,
      0.767858105942607
    ],
    [
      1.6329701964974404,
      1.4644010768771172,
      1.3400721897363663,
      1.2635877448439599,
      1.2057448184967041,
      1.1382922805666924,
      1.0821785629987717,
      1.0135109784424305,
      0.9599546845883131,
      0.9101731406033039
    ],
    [
      1.8428362750053406,
      1.6600642217755317,
      1.53596294516325,
      1.4528302513003348,
      1.3874269371747971,
      1.317843747329712,
      1.2549172663807868,
      1.1946640176475047,
      1.1398035858750344,
      1.0894990085184575
    ],
    [
      2.3831589136600493,
      2.0466250441312788,
      1.8855069309949875,
      1.7730831149816513,
      1.6945419314861299,
      1.609684751188755,
      1.5439780153155327,
      1.4661656865358352,
      1.4083468074440957,
      1.3589538389265536
    ],
    [
      2.7769629294872282,
      2.388232035303116,
      2.2107610825777053,
      2.088463239073753,
      2.0166351336717607,
      1.935146454668045,
      1.8718077312350274,
      1.8061556310415268,
      1.7361593106508255,
      1.6790951324939727
    ],
    [
      3.9255030381202696,
      3.2197604214191435,
      2.967291802024841,
      2.822695238018036,
      2.7213940256118776,
      2.6037485872745516,
      2.527628063201904,
      2.4516035041332245,
      2.373175265979767,
      2.3141187156915666
    ],
    [
      4.492212755680084,
      3.8666384823322297,
      3.639690076494217,
      3.477613755273819,
      3.3581463931083677,
      3.262863714504242,
      3.180310136127472,
      3.111415737056732,
      3.049005753040314,
      2.9811529146671294
    ]
  ],
  "train_accuracies": [
    [
      65.225,
      67.6775,
      70.0875,
      71.9225,
      73.16,
      74.445,
      75.38,
      76.8225,
      78.12750000000001,
      78.985
    ],
    [
      59.5175,
      62.9275,
      65.92750000000001,
      67.355,
      68.83,
      70.2225,
      71.545,
      72.98,
      74.2625,
      75.49249999999999
    ],
    [
      55.335,
      58.9625,
      61.5325,
      63.347500000000004,
      64.8775,
      66.1125,
      67.435,
      69.03,
      69.9875,
      71.2575
    ],
    [
      44.6525,
      50.995000000000005,
      54.459999999999994,
      56.769999999999996,
      58.39,
      59.724999999999994,
      61.49250000000001,
      62.644999999999996,
      63.8525,
      64.9975
    ],
    [
      20.979999999999997,
      30.717499999999998,
      34.8525,
      37.22,
      38.9025,
      40.9375,
      42.1925,
      43.5575,
      44.765,
      46.184999999999995
    ],
    [
      14.01,
      21.19,
      24.2275,
      26.784999999999997,
      28.6925,
      30.0225,
      31.6,
      32.59,
      33.5875,
      34.7375
    ]
  ]
}