{
  "list_ratio": [
    [
      0.1,
      0.1
    ],
    [
      0.3,
      0.3
    ],
    [
      0.5,
      0.5
    ],
    [
      0.7,
      0.7
    ]
  ],
  "ratio": [
    0.18999999999999995,
    0.51,
    0.75,
    0.9099999999999999
  ],
  "top1": [
    0.4776,
    0.4443,
    0.4163,
    0.3147
  ],
  "top5": [
    0.7226,
    0.7064,
    0.6656,
    0.5628
  ],
  "train_losses": [
    [
      0.8076489863514901,
      0.7433800073444843,
      0.6929106838077307,
      0.6499566660210491,
      0.6293564244300127,
      0.5903351728364825,
      0.5648105849295855,
      0.5228114816531539,
      0.5053167098082602,
      0.4680976089388132,
      0.4573843049809337,
      0.4413464441820979,
      0.4286749053403735,
      0.41784250795021655,
      0.38873460168391466,
      0.3750921316415072,
      0.358398027779907,
      0.35311813010424375,
      0.33777021066099405,
      0.30917852081507446
    ],
    [
      1.339471593308449,
      1.164492991256714,
      1.07201275511384,
      1.008550865906477,
      0.9764291214466095,
      0.9119939947605133,
      0.8765416145712137,
      0.8311780022621155,
      0.8054854224562645,
      0.7673887161403894,
      0.7438703206509352,
      0.7043527138471604,
      0.6805568841427565,
      0.6520271499127149,
      0.6328484805136919,
      0.6111372931718826,
      0.576583522310853,
      0.5687902282088995,
      0.5499152181297541,
      0.5193050334393978
    ],
    [
      2.4745564720392226,
      2.0002110349178315,
      1.8198171864509582,
      1.7145165687084198,
      1.6426036096811294,
      1.5735477630376815,
      1.5206348896861077,
      1.455430738222599,
      1.407795644700527,
      1.3671989581108093,
      1.3173034803032875,
      1.273636832380295,
      1.2352478921413421,
      1.1991431361615659,
      1.1640576149106026,
      1.14130062469244,
      1.0988960550367832,
      1.0776569728672505,
      1.051185975986719,
      0.997624529582262
    ],
    [
      4.1655963232994075,
      3.4562102242946624,
      3.233597765016556,
      3.0895503182411193,
      2.9863341046810152,
      2.8968021571159364,
      2.8263249723911286,
      2.765716264438629,
      2.7082346285820007,
      2.651038992023468,
      2.595426287841797,
      2.55504765958786,
      2.5166018649578095,
      2.4755163775920868,
      2.4320169184446336,
      2.391386226606369,
      2.3484809143304823,
      2.3187808525800704,
      2.2900339825630187,
      2.2295324831724166
    ]
  ],
  "train_accuracies": [
    [
      78.0875,
      79.725,
      80.8725,
      82.01,
      82.5875,
      83.39750000000001,
      84.17750000000001,
      85.52,
      85.7975,
      87.065,
      86.97500000000001,
      87.5525,
      87.7025,
      88.2125,
      89.0675,
      89.47500000000001,
      89.75,
      89.83250000000001,
      90.42999999999999,
      91.36999999999999
    ],
    [
      64.9675,
      69.085,
      71.38,
      73.0,
      73.68,
      75.41499999999999,
      75.91499999999999,
      77.025,
      77.99249999999999,
      78.99000000000001,
      79.2475,
      80.32000000000001,
      81.0975,
      81.84,
      82.27499999999999,
      82.915,
      83.65,
      83.965,
      84.4375,
      85.30499999999999
    ],
    [
      42.5625,
      51.2475,
      55.115,
      57.7375,
      59.3625,
      60.262499999999996,
      61.5225,
      62.69,
      63.9675,
      64.42750000000001,
      65.735,
      66.7825,
      67.7925,
      68.6475,
      69.175,
      69.555,
      70.6875,
      70.96249999999999,
      71.705,
      73.36500000000001
    ],
    [
      18.165,
      26.71,
      30.4525,
      32.905,
      34.6075,
      35.6975,
      37.245,
      38.372499999999995,
      39.527499999999996,
      40.075,
      41.095,
      41.7975,
      42.412499999999994,
      43.1025,
      43.9075,
      44.5775,
      45.3425,
      46.037499999999994,
      46.45,
      47.705
    ]
  ]
}