{
  "ratio": [
    0.1,
    0.3,
    0.5,
    0.7,
    0.9
  ],
  "top1": [
    0.4765,
    0.4554,
    0.3978,
    0.2538,
    0.136
  ],
  "top5": [
    0.7303,
    0.716,
    0.6583,
    0.4964,
    0.3112
  ],
  "train_losses": [
    [
      3.87464082365036,
      3.0779151276111603,
      2.7114604477882387,
      2.4490362985134126,
      2.2549806609869005,
      2.0958097370386124,
      1.978786337828636,
      1.8336821887493133,
      1.7190493354320526,
      1.6193267136335372,
      1.5333265904903413,
      1.4385691590070724,
      1.3643488242745399,
      1.3063773589491845,
      1.223559755897522,
      1.1637685992717743,
      1.0903964504003525,
      1.0537062961161137,
      0.9981389813005924,
      0.9348987499415875
    ],
    [
      4.3877784467697145,
      3.4375728801727297,
      3.0335109944820404,
      2.7594151111602785,
      2.551734558773041,
      2.3665892651557923,
      2.2305521866321563,
      2.0896611683368684,
      1.9644092218399047,
      1.8625510900020599,
      1.7633469889760018,
      1.6799806259155274,
      1.594148210799694,
      1.5079431014180182,
      1.4358533279538155,
      1.3805789028525353,
      1.3120354077219962,
      1.2570351824998856,
      1.205904410082102,
      1.1214817520797253
    ],
    [
      5.7408813407897945,
      4.55696236410141,
      4.004175955009461,
      3.641204876279831,
      3.4213736637592316,
      3.2065658378601074,
      3.003668430376053,
      2.823846507501602,
      2.6665793472766874,
      2.5401961807250975,
      2.4201809782505035,
      2.3080678091049194,
      2.225984939312935,
      2.13533854906559,
      2.0503160844802855,
      1.9716424445390701,
      1.8828754279613495,
      1.8273076923131943,
      1.767182167363167,
      1.6884034079074859
    ],
    [
      6.3794356613159175,
      5.710808535385132,
      5.317789883995056,
      5.022144622898102,
      4.782182872009277,
      4.605036080360413,
      4.421992404460907,
      4.2654590955734255,
      4.138288384056091,
      4.001059446048736,
      3.8806629912376405,
      3.768611943244934,
      3.6783192341327666,
      3.582010512828827,
      3.4852893996238707,
      3.4047427093982696,
      3.319301622438431,
      3.2455510776996612,
      3.1690586003303527,
      3.1054102357387543
    ],
    [
      6.776236856651306,
      6.361232760810852,
      6.135291873550415,
      5.9673565414428715,
      5.795501115608215,
      5.62154979686737,
      5.491309671592712,
      5.361918785285949,
      5.333065090942383,
      5.186598306274414,
      5.068660227298737,
      5.045297840499878,
      4.920229622459412,
      4.827260783863068,
      4.7385234541893,
      4.668744462776184,
      4.6182544526100155,
      4.530518766117096,
      4.5576613073349,
      4.462363510894775
    ]
  ],
  "train_accuracies": [
    [
      21.845,
      32.6125,
      38.7625,
      43.3325,
      47.3925,
      50.095,
      52.1525,
      54.84,
      57.1025,
      59.145,
      61.015,
      63.0125,
      64.39,
      66.03,
      67.72749999999999,
      69.32249999999999,
      70.7525,
      71.6625,
      73.1175,
      74.4075
    ],
    [
      15.8475,
      27.345000000000002,
      33.4575,
      38.055,
      41.675000000000004,
      44.9725,
      47.370000000000005,
      50.29,
      52.464999999999996,
      54.655,
      56.515,
      58.162499999999994,
      60.040000000000006,
      61.7525,
      63.372499999999995,
      64.3375,
      65.48,
      67.11749999999999,
      68.24249999999999,
      70.05749999999999
    ],
    [
      3.0300000000000002,
      12.0,
      18.775,
      24.075,
      27.5675,
      30.455,
      33.875,
      36.97,
      39.5,
      41.88,
      43.824999999999996,
      46.137499999999996,
      47.4775,
      49.3825,
      50.81,
      52.395,
      53.927499999999995,
      55.0625,
      56.232499999999995,
      58.165
    ],
    [
      0.8099999999999999,
      2.8899999999999997,
      5.195,
      7.5874999999999995,
      9.8075,
      11.752500000000001,
      14.000000000000002,
      15.534999999999998,
      17.4225,
      19.295,
      21.1625,
      22.3775,
      23.965,
      25.0925,
      26.525,
      27.802500000000002,
      29.15,
      30.0375,
      31.582500000000003,
      32.235
    ],
    [
      0.265,
      0.6649999999999999,
      1.1199999999999999,
      1.6475,
      2.46,
      3.29,
      4.3725,
      5.185,
      5.5925,
      6.647500000000001,
      7.6,
      7.969999999999999,
      9.0825,
      9.985,
      10.82,
      11.48,
      12.307500000000001,
      13.100000000000001,
      12.8875,
      13.9525
    ]
  ]
}